<meta>
	<info name="Forms test" author="Guadmaz" />

	<script src="forms.js" type="client" lang="javascript" />

	<!-- le lightweight webdeveloper face -->

	<file src="index.html" />
	<file src="main.js" />
	<file src="meta.xml" />
	<file src="resource/ceftest/test.png" />
	<file src="resource/qx/decoration/Modern/arrows-combined.png" />
	<file src="resource/qx/decoration/Modern/colorselector-combined.gif" />
	<file src="resource/qx/decoration/Modern/cursors-combined.gif" />
	<file src="resource/qx/decoration/Modern/menu-checkradio-combined.gif" />
	<file src="resource/qx/decoration/Modern/scrollbar-combined.png" />
	<file src="resource/qx/decoration/Modern/splitpane-knobs-combined.png" />
	<file src="resource/qx/decoration/Modern/table-combined.png" />
	<file src="resource/qx/decoration/Modern/tree-combined.png" />
	<file src="resource/qx/decoration/Modern/window-captionbar-buttons-combined.png" />
	<file src="resource/qx/decoration/Modern/arrows/down-invert.png" />
	<file src="resource/qx/decoration/Modern/arrows/down-small.png" />
	<file src="resource/qx/decoration/Modern/arrows/down.png" />
	<file src="resource/qx/decoration/Modern/arrows/forward.png" />
	<file src="resource/qx/decoration/Modern/arrows/left.png" />
	<file src="resource/qx/decoration/Modern/arrows/rewind.png" />
	<file src="resource/qx/decoration/Modern/arrows/right-invert.png" />
	<file src="resource/qx/decoration/Modern/arrows/right.png" />
	<file src="resource/qx/decoration/Modern/arrows/up-invert.png" />
	<file src="resource/qx/decoration/Modern/arrows/up-small.png" />
	<file src="resource/qx/decoration/Modern/arrows/up.png" />
	<file src="resource/qx/decoration/Modern/colorselector/brightness-field.png" />
	<file src="resource/qx/decoration/Modern/colorselector/brightness-handle.gif" />
	<file src="resource/qx/decoration/Modern/colorselector/huesaturation-field.jpg" />
	<file src="resource/qx/decoration/Modern/colorselector/huesaturation-handle.gif" />
	<file src="resource/qx/decoration/Modern/cursors/alias.gif" />
	<file src="resource/qx/decoration/Modern/cursors/copy.gif" />
	<file src="resource/qx/decoration/Modern/cursors/move.gif" />
	<file src="resource/qx/decoration/Modern/cursors/nodrop.gif" />
	<file src="resource/qx/decoration/Modern/form/checked.png" />
	<file src="resource/qx/decoration/Modern/form/tooltip-error-arrow-right.png" />
	<file src="resource/qx/decoration/Modern/form/tooltip-error-arrow.png" />
	<file src="resource/qx/decoration/Modern/form/undetermined.png" />
	<file src="resource/qx/decoration/Modern/menu/checkbox-invert.gif" />
	<file src="resource/qx/decoration/Modern/menu/checkbox.gif" />
	<file src="resource/qx/decoration/Modern/menu/radiobutton-invert.gif" />
	<file src="resource/qx/decoration/Modern/menu/radiobutton.gif" />
	<file src="resource/qx/decoration/Modern/scrollbar/scrollbar-down.png" />
	<file src="resource/qx/decoration/Modern/scrollbar/scrollbar-left.png" />
	<file src="resource/qx/decoration/Modern/scrollbar/scrollbar-right.png" />
	<file src="resource/qx/decoration/Modern/scrollbar/scrollbar-up.png" />
	<file src="resource/qx/decoration/Modern/splitpane/knob-horizontal.png" />
	<file src="resource/qx/decoration/Modern/splitpane/knob-vertical.png" />
	<file src="resource/qx/decoration/Modern/table/ascending.png" />
	<file src="resource/qx/decoration/Modern/table/boolean-false.png" />
	<file src="resource/qx/decoration/Modern/table/boolean-true.png" />
	<file src="resource/qx/decoration/Modern/table/descending.png" />
	<file src="resource/qx/decoration/Modern/table/select-column-order.png" />
	<file src="resource/qx/decoration/Modern/toolbar/toolbar-handle-knob.gif" />
	<file src="resource/qx/decoration/Modern/toolbar/toolbar-part.gif" />
	<file src="resource/qx/decoration/Modern/tree/closed-selected.png" />
	<file src="resource/qx/decoration/Modern/tree/closed.png" />
	<file src="resource/qx/decoration/Modern/tree/open-selected.png" />
	<file src="resource/qx/decoration/Modern/tree/open.png" />
	<file src="resource/qx/decoration/Modern/window/close-active-hovered.png" />
	<file src="resource/qx/decoration/Modern/window/close-active.png" />
	<file src="resource/qx/decoration/Modern/window/close-inactive.png" />
	<file src="resource/qx/decoration/Modern/window/maximize-active-hovered.png" />
	<file src="resource/qx/decoration/Modern/window/maximize-active.png" />
	<file src="resource/qx/decoration/Modern/window/maximize-inactive.png" />
	<file src="resource/qx/decoration/Modern/window/minimize-active-hovered.png" />
	<file src="resource/qx/decoration/Modern/window/minimize-active.png" />
	<file src="resource/qx/decoration/Modern/window/minimize-inactive.png" />
	<file src="resource/qx/decoration/Modern/window/restore-active-hovered.png" />
	<file src="resource/qx/decoration/Modern/window/restore-active.png" />
	<file src="resource/qx/decoration/Modern/window/restore-inactive.png" />
	<file src="resource/qx/icon/Tango/16/actions/dialog-cancel.png" />
	<file src="resource/qx/icon/Tango/16/actions/dialog-ok.png" />
	<file src="resource/qx/icon/Tango/16/actions/view-refresh.png" />
	<file src="resource/qx/icon/Tango/16/actions/window-close.png" />
	<file src="resource/qx/icon/Tango/16/apps/office-calendar.png" />
	<file src="resource/qx/icon/Tango/16/apps/utilities-color-chooser.png" />
	<file src="resource/qx/icon/Tango/16/mimetypes/office-document.png" />
	<file src="resource/qx/icon/Tango/16/places/folder-open.png" />
	<file src="resource/qx/icon/Tango/16/places/folder.png" />
	<file src="resource/qx/icon/Tango/22/mimetypes/office-document.png" />
	<file src="resource/qx/icon/Tango/22/places/folder-open.png" />
	<file src="resource/qx/icon/Tango/22/places/folder.png" />
	<file src="resource/qx/icon/Tango/32/mimetypes/office-document.png" />
	<file src="resource/qx/icon/Tango/32/places/folder-open.png" />
	<file src="resource/qx/icon/Tango/32/places/folder.png" />
	<file src="resource/qx/static/blank.gif" />
	<file src="resource/qx/static/blank.png" />
	<file src="script/ceftest.js" />
</meta>