<meta>
	<info author="Guadmaz" name="Vote Manager" description="Utility resource to manage votes" version="1.0" />

	<script src="main.cs" type="server" lang="csharp" />
	<script src="votetypes.cs" type="server" lang="csharp" />
	<script src="gui.js" type="client" lang="javascript" />

	<export function="startMapVote" class="VotemanagerEntryPoint" />
	<export function="startKickVote" class="VotemanagerEntryPoint" />

	<assembly ref="System.dll" />

	<settings>
		<setting name="votelength" value="60000" default="60000" description="Vote length in milliseconds" />
		<setting name="votecooldown" value="60000" default="60000" description="Cool down between votes." />

		<setting name="enablevotemap" value="true" default="true" description="Sets whether /votemap command is enabled." />
		<setting name="enablevotekick" value="true" default="true" description="Sets whether /votekick command is enabled." />
	</settings>
</meta>