<meta>
	<info name="Door Manager" description="Helper resource to control the game's doors." author= "Guadmaz" version="1.0" />

	<script src="doormanager.cs" type="server" lang="csharp" />
	<script src="doormanager.js" type="client" lang="javascript" />

	<export function="registerDoor" class="DoorManager" />
	<export function="removeDoor" class="DoorManager" />
	<export function="setDoorState" class="DoorManager" />
	<export function="getCloseDoor" class="DoorManager" />
	<export function="getAllCloseDoors" class="DoorManager" />
	<export function="refreshDoorState" class="DoorManager" />
	<export function="transitionDoor" class="DoorManager" />

	<export function="setDebug" class="DoorManager" />
</meta>